{"cameraMode":{"drawMode":0,"name":"Shaded","section":"Shading Mode"},"sceneLighting":true,"audioPlay":false,"sceneViewState":{"m_AlwaysRefresh":false,"showFog":true,"showSkybox":true,"showFlares":true,"showImageEffects":true,"showParticleSystems":true,"showVisualEffectGraphs":true,"m_FxEnabled":true},"in2DMode":false,"pivot":{"x":25.91729736328125,"y":6.383742332458496,"z":1.4777607917785645},"rotation":{"x":0.09731759876012802,"y":0.023883791640400888,"z":-0.0023361099883913996,"w":0.9949643015861511},"size":19.053810119628908,"orthographic":false}